checked_at,spread_id,underlying,spread,exp,contracts,entry_debit,cur_value,would_be_pnl,status,exit_reason,our_exit_pnl,hold_minus_actual
2026-06-05T15:38:24Z,3,AMZN,270/275B,2026-06-05,1,1.9,,,filled,take_profit,41.0,
2026-06-05T15:38:24Z,4,NVDA,220/225B,2026-06-05,3,0.97,,,filled,reconciled_orphan_alpaca_empty,0.0,
2026-06-05T15:38:24Z,21,ORCL,230/235B,2026-06-05,4,1.2,,,canceled,full_reconcile_phantom_cleanup,0.0,
2026-06-05T15:38:24Z,27,SLV,70/75B,2026-06-05,4,1.14,,,canceled,full_reconcile_phantom_cleanup,0.0,
2026-06-05T15:38:24Z,30,MARA,15/16B,2026-06-05,24,0.21,,,canceled,full_reconcile_phantom_cleanup,0.0,
2026-06-05T15:38:24Z,65,INTC,110/120B,2026-06-05,1,3.66,,,filled,reconciled_close_fill,12.5,
2026-06-05T15:38:24Z,66,INTC,110/120B,2026-06-05,1,3.74,,,filled,reconciled_close_fill,4.0,
2026-06-05T15:38:24Z,67,NVDA,220/225B,2026-06-05,2,1.93,,,filled,reconciled_close_fill,-17.0,
2026-06-05T15:38:24Z,80,IWM,287/288B,2026-06-05,1,0.68,,,filled,reconciled_close_fill,-11.0,
2026-06-05T15:38:24Z,81,TSLA,435/440B,2026-06-05,4,1.26,,,filled,reconciled_close_fill,-104.0,
2026-06-05T15:38:24Z,84,IWM,287/288B,2026-06-05,2,0.66,,,filled,reconciled_close_fill,-18.0,
2026-06-05T15:38:24Z,90,MSFT,470/475B,2026-06-05,3,1.66,,,filled,reconciled_close_fill,-138.0,
2026-06-05T15:38:24Z,91,AAPL,310/315B,2026-06-05,4,1.25,,,filled,reconciled_close_fill,-24.0,
2026-06-05T15:38:24Z,96,AAPL,315/330B,2026-06-08,1,3.02,,,filled,,0.0,
2026-06-05T15:38:24Z,97,AAPL,315/330B,2026-06-08,1,2.98,,,filled,,0.0,
2026-06-05T15:38:24Z,98,AVGO,400/410B,2026-06-08,1,4.3,,,filled,reconciled_close_fill,-160.5,
2026-06-05T15:38:24Z,101,SPY,755/757B,2026-06-08,11,0.43,,,filled,reconciled_close_fill,-33.0,
2026-06-05T15:38:24Z,102,GOOGL,370/375B,2026-06-08,2,2.11,,,filled,,0.0,
2026-06-05T15:38:24Z,103,QQQ,730/735B,2026-06-08,3,1.67,,,filled,reconciled_close_fill,-84.0,
2026-06-05T15:39:25Z,3,AMZN,270/275B,2026-06-05,1,1.9,0.0,-190.0,filled,take_profit,41.0,-231.0
2026-06-05T15:39:25Z,4,NVDA,220/225B,2026-06-05,3,0.97,0.015000000000000001,-286.5,filled,reconciled_orphan_alpaca_empty,0.0,-286.5
2026-06-05T15:39:25Z,21,ORCL,230/235B,2026-06-05,4,1.2,0.025,-468.0,canceled,full_reconcile_phantom_cleanup,0.0,-468.0
2026-06-05T15:39:25Z,27,SLV,70/75B,2026-06-05,4,1.14,0.0,-454.0,canceled,full_reconcile_phantom_cleanup,0.0,-454.0
2026-06-05T15:39:25Z,30,MARA,15/16B,2026-06-05,24,0.21,0.0,-504.0,canceled,full_reconcile_phantom_cleanup,0.0,-504.0
2026-06-05T15:39:25Z,65,INTC,110/120B,2026-06-05,1,3.66,0.020000000000000004,-363.5,filled,reconciled_close_fill,12.5,-376.0
2026-06-05T15:39:25Z,66,INTC,110/120B,2026-06-05,1,3.74,0.034999999999999996,-370.5,filled,reconciled_close_fill,4.0,-374.5
2026-06-05T15:39:25Z,67,NVDA,220/225B,2026-06-05,2,1.93,0.025,-382.0,filled,reconciled_close_fill,-17.0,-365.0
2026-06-05T15:39:25Z,80,IWM,287/288B,2026-06-05,1,0.68,0.17000000000000004,-51.0,filled,reconciled_close_fill,-11.0,-40.0
2026-06-05T15:39:25Z,81,TSLA,435/440B,2026-06-05,4,1.26,0.0,-504.0,filled,reconciled_close_fill,-104.0,-400.0
2026-06-05T15:39:25Z,84,IWM,287/288B,2026-06-05,2,0.66,0.19,-94.0,filled,reconciled_close_fill,-18.0,-76.0
2026-06-05T15:39:25Z,90,MSFT,470/475B,2026-06-05,3,1.66,0.0,-498.0,filled,reconciled_close_fill,-138.0,-360.0
2026-06-05T15:39:25Z,91,AAPL,310/315B,2026-06-05,4,1.25,3.3049999999999997,822.0,filled,reconciled_close_fill,-24.0,846.0
2026-06-05T15:39:25Z,96,AAPL,315/330B,2026-06-08,1,3.02,2.6,-42.0,filled,,0.0,-42.0
2026-06-05T15:39:25Z,97,AAPL,315/330B,2026-06-08,1,2.98,2.6,-37.5,filled,,0.0,-37.5
2026-06-05T15:39:25Z,98,AVGO,400/410B,2026-06-08,1,4.3,2.4650000000000003,-184.0,filled,reconciled_close_fill,-160.5,-23.5
2026-06-05T15:39:25Z,101,SPY,755/757B,2026-06-08,11,0.43,0.19,-264.0,filled,reconciled_close_fill,-33.0,-231.0
2026-06-05T15:39:25Z,102,GOOGL,370/375B,2026-06-08,2,2.11,1.6249999999999996,-98.0,filled,,0.0,-98.0
2026-06-05T15:39:25Z,103,QQQ,730/735B,2026-06-08,3,1.67,0.8000000000000002,-261.0,filled,reconciled_close_fill,-84.0,-177.0
2026-06-05T15:40:54Z,3,AMZN,270/275B,2026-06-05,1,1.9,0.0,-190.0,filled,take_profit,41.0,-231.0
2026-06-05T15:40:54Z,4,NVDA,220/225B,2026-06-05,3,0.97,0.025,-283.5,filled,reconciled_orphan_alpaca_empty,0.0,-283.5
2026-06-05T15:40:54Z,21,ORCL,230/235B,2026-06-05,4,1.2,0.05,-458.0,canceled,full_reconcile_phantom_cleanup,0.0,-458.0
2026-06-05T15:40:54Z,27,SLV,70/75B,2026-06-05,4,1.14,0.0,-454.0,canceled,full_reconcile_phantom_cleanup,0.0,-454.0
2026-06-05T15:40:54Z,30,MARA,15/16B,2026-06-05,24,0.21,0.0,-504.0,canceled,full_reconcile_phantom_cleanup,0.0,-504.0
2026-06-05T15:40:54Z,65,INTC,110/120B,2026-06-05,1,3.66,0.034999999999999996,-362.0,filled,reconciled_close_fill,12.5,-374.5
2026-06-05T15:40:54Z,66,INTC,110/120B,2026-06-05,1,3.74,0.034999999999999996,-370.5,filled,reconciled_close_fill,4.0,-374.5
2026-06-05T15:40:54Z,67,NVDA,220/225B,2026-06-05,2,1.93,0.025,-382.0,filled,reconciled_close_fill,-17.0,-365.0
2026-06-05T15:40:54Z,80,IWM,287/288B,2026-06-05,1,0.68,0.20000000000000004,-48.0,filled,reconciled_close_fill,-11.0,-37.0
2026-06-05T15:40:54Z,81,TSLA,435/440B,2026-06-05,4,1.26,0.014999999999999996,-498.0,filled,reconciled_close_fill,-104.0,-394.0
2026-06-05T15:40:54Z,84,IWM,287/288B,2026-06-05,2,0.66,0.16000000000000003,-100.0,filled,reconciled_close_fill,-18.0,-82.0
2026-06-05T15:40:54Z,90,MSFT,470/475B,2026-06-05,3,1.66,0.0,-498.0,filled,reconciled_close_fill,-138.0,-360.0
2026-06-05T15:40:54Z,91,AAPL,310/315B,2026-06-05,4,1.25,3.4050000000000002,862.0,filled,reconciled_close_fill,-24.0,886.0
2026-06-05T15:40:54Z,96,AAPL,315/330B,2026-06-08,1,3.02,2.625,-39.5,filled,,0.0,-39.5
2026-06-05T15:40:54Z,97,AAPL,315/330B,2026-06-08,1,2.98,2.625,-35.0,filled,,0.0,-35.0
2026-06-05T15:40:54Z,98,AVGO,400/410B,2026-06-08,1,4.3,2.5199999999999996,-178.5,filled,reconciled_close_fill,-160.5,-18.0
2026-06-05T15:40:54Z,101,SPY,755/757B,2026-06-08,11,0.43,0.22999999999999998,-220.0,filled,reconciled_close_fill,-33.0,-187.0
2026-06-05T15:40:54Z,102,GOOGL,370/375B,2026-06-08,2,2.11,1.69,-85.0,filled,,0.0,-85.0
2026-06-05T15:40:54Z,103,QQQ,730/735B,2026-06-08,3,1.67,0.7299999999999999,-282.0,filled,reconciled_close_fill,-84.0,-198.0
2026-06-07T12:20:40Z,96,AAPL,315/330B,2026-06-08,1,3.02,0.8999999999999999,-212.0,closed,manual_force_close_reconcile_2026-06-05,0.0,-212.0
2026-06-07T12:20:40Z,97,AAPL,315/330B,2026-06-08,1,2.98,0.8999999999999999,-207.5,closed,manual_force_close_reconcile_2026-06-05,0.0,-207.5
2026-06-07T12:20:40Z,98,AVGO,400/410B,2026-06-08,1,4.3,1.5650000000000002,-274.0,filled,reconciled_close_fill,-160.5,-113.5
2026-06-07T12:20:40Z,101,SPY,755/757B,2026-06-08,11,0.43,0.03,-440.0,filled,reconciled_close_fill,-33.0,-407.0
2026-06-07T12:20:40Z,102,GOOGL,370/375B,2026-06-08,2,2.11,1.795,-64.0,closed,manual_force_close_reconcile_2026-06-05,0.0,-64.0
2026-06-07T12:20:40Z,103,QQQ,730/735B,2026-06-08,3,1.67,0.145,-457.5,filled,reconciled_close_fill,-84.0,-373.5
2026-06-07T13:20:41Z,96,AAPL,315/330B,2026-06-08,1,3.02,0.8999999999999999,-212.0,closed,manual_force_close_reconcile_2026-06-05,0.0,-212.0
2026-06-07T13:20:41Z,97,AAPL,315/330B,2026-06-08,1,2.98,0.8999999999999999,-207.5,closed,manual_force_close_reconcile_2026-06-05,0.0,-207.5
2026-06-07T13:20:41Z,98,AVGO,400/410B,2026-06-08,1,4.3,1.5650000000000002,-274.0,filled,reconciled_close_fill,-160.5,-113.5
2026-06-07T13:20:41Z,101,SPY,755/757B,2026-06-08,11,0.43,0.03,-440.0,filled,reconciled_close_fill,-33.0,-407.0
2026-06-07T13:20:41Z,102,GOOGL,370/375B,2026-06-08,2,2.11,1.795,-64.0,closed,manual_force_close_reconcile_2026-06-05,0.0,-64.0
2026-06-07T13:20:41Z,103,QQQ,730/735B,2026-06-08,3,1.67,0.145,-457.5,filled,reconciled_close_fill,-84.0,-373.5
2026-06-07T14:20:42Z,96,AAPL,315/330B,2026-06-08,1,3.02,0.8999999999999999,-212.0,closed,manual_force_close_reconcile_2026-06-05,0.0,-212.0
2026-06-07T14:20:42Z,97,AAPL,315/330B,2026-06-08,1,2.98,0.8999999999999999,-207.5,closed,manual_force_close_reconcile_2026-06-05,0.0,-207.5
2026-06-07T14:20:42Z,98,AVGO,400/410B,2026-06-08,1,4.3,1.5650000000000002,-274.0,filled,reconciled_close_fill,-160.5,-113.5
2026-06-07T14:20:42Z,101,SPY,755/757B,2026-06-08,11,0.43,0.03,-440.0,filled,reconciled_close_fill,-33.0,-407.0
2026-06-07T14:20:42Z,102,GOOGL,370/375B,2026-06-08,2,2.11,1.795,-64.0,closed,manual_force_close_reconcile_2026-06-05,0.0,-64.0
2026-06-07T14:20:42Z,103,QQQ,730/735B,2026-06-08,3,1.67,0.145,-457.5,filled,reconciled_close_fill,-84.0,-373.5
2026-06-07T15:20:43Z,96,AAPL,315/330B,2026-06-08,1,3.02,0.8999999999999999,-212.0,closed,manual_force_close_reconcile_2026-06-05,0.0,-212.0
2026-06-07T15:20:43Z,97,AAPL,315/330B,2026-06-08,1,2.98,0.8999999999999999,-207.5,closed,manual_force_close_reconcile_2026-06-05,0.0,-207.5
2026-06-07T15:20:43Z,98,AVGO,400/410B,2026-06-08,1,4.3,1.5650000000000002,-274.0,filled,reconciled_close_fill,-160.5,-113.5
2026-06-07T15:20:43Z,101,SPY,755/757B,2026-06-08,11,0.43,0.03,-440.0,filled,reconciled_close_fill,-33.0,-407.0
2026-06-07T15:20:43Z,102,GOOGL,370/375B,2026-06-08,2,2.11,1.795,-64.0,closed,manual_force_close_reconcile_2026-06-05,0.0,-64.0
2026-06-07T15:20:43Z,103,QQQ,730/735B,2026-06-08,3,1.67,0.145,-457.5,filled,reconciled_close_fill,-84.0,-373.5
2026-06-07T16:20:45Z,96,AAPL,315/330B,2026-06-08,1,3.02,0.8999999999999999,-212.0,closed,manual_force_close_reconcile_2026-06-05,0.0,-212.0
2026-06-07T16:20:45Z,97,AAPL,315/330B,2026-06-08,1,2.98,0.8999999999999999,-207.5,closed,manual_force_close_reconcile_2026-06-05,0.0,-207.5
2026-06-07T16:20:45Z,98,AVGO,400/410B,2026-06-08,1,4.3,1.5650000000000002,-274.0,filled,reconciled_close_fill,-160.5,-113.5
2026-06-07T16:20:45Z,101,SPY,755/757B,2026-06-08,11,0.43,0.03,-440.0,filled,reconciled_close_fill,-33.0,-407.0
2026-06-07T16:20:45Z,102,GOOGL,370/375B,2026-06-08,2,2.11,1.795,-64.0,closed,manual_force_close_reconcile_2026-06-05,0.0,-64.0
2026-06-07T16:20:45Z,103,QQQ,730/735B,2026-06-08,3,1.67,0.145,-457.5,filled,reconciled_close_fill,-84.0,-373.5
2026-06-07T17:20:46Z,96,AAPL,315/330B,2026-06-08,1,3.02,0.8999999999999999,-212.0,closed,manual_force_close_reconcile_2026-06-05,0.0,-212.0
2026-06-07T17:20:46Z,97,AAPL,315/330B,2026-06-08,1,2.98,0.8999999999999999,-207.5,closed,manual_force_close_reconcile_2026-06-05,0.0,-207.5
2026-06-07T17:20:46Z,98,AVGO,400/410B,2026-06-08,1,4.3,1.5650000000000002,-274.0,filled,reconciled_close_fill,-160.5,-113.5
2026-06-07T17:20:46Z,101,SPY,755/757B,2026-06-08,11,0.43,0.03,-440.0,filled,reconciled_close_fill,-33.0,-407.0
2026-06-07T17:20:46Z,102,GOOGL,370/375B,2026-06-08,2,2.11,1.795,-64.0,closed,manual_force_close_reconcile_2026-06-05,0.0,-64.0
2026-06-07T17:20:46Z,103,QQQ,730/735B,2026-06-08,3,1.67,0.145,-457.5,filled,reconciled_close_fill,-84.0,-373.5
2026-06-07T18:20:48Z,96,AAPL,315/330B,2026-06-08,1,3.02,0.8999999999999999,-212.0,closed,manual_force_close_reconcile_2026-06-05,0.0,-212.0
2026-06-07T18:20:48Z,97,AAPL,315/330B,2026-06-08,1,2.98,0.8999999999999999,-207.5,closed,manual_force_close_reconcile_2026-06-05,0.0,-207.5
2026-06-07T18:20:48Z,98,AVGO,400/410B,2026-06-08,1,4.3,1.5650000000000002,-274.0,filled,reconciled_close_fill,-160.5,-113.5
2026-06-07T18:20:48Z,101,SPY,755/757B,2026-06-08,11,0.43,0.03,-440.0,filled,reconciled_close_fill,-33.0,-407.0
2026-06-07T18:20:48Z,102,GOOGL,370/375B,2026-06-08,2,2.11,1.795,-64.0,closed,manual_force_close_reconcile_2026-06-05,0.0,-64.0
2026-06-07T18:20:48Z,103,QQQ,730/735B,2026-06-08,3,1.67,0.145,-457.5,filled,reconciled_close_fill,-84.0,-373.5
2026-06-07T19:20:49Z,96,AAPL,315/330B,2026-06-08,1,3.02,0.8999999999999999,-212.0,closed,manual_force_close_reconcile_2026-06-05,0.0,-212.0
2026-06-07T19:20:49Z,97,AAPL,315/330B,2026-06-08,1,2.98,0.8999999999999999,-207.5,closed,manual_force_close_reconcile_2026-06-05,0.0,-207.5
2026-06-07T19:20:49Z,98,AVGO,400/410B,2026-06-08,1,4.3,1.5650000000000002,-274.0,filled,reconciled_close_fill,-160.5,-113.5
2026-06-07T19:20:49Z,101,SPY,755/757B,2026-06-08,11,0.43,0.03,-440.0,filled,reconciled_close_fill,-33.0,-407.0
2026-06-07T19:20:49Z,102,GOOGL,370/375B,2026-06-08,2,2.11,1.795,-64.0,closed,manual_force_close_reconcile_2026-06-05,0.0,-64.0
2026-06-07T19:20:49Z,103,QQQ,730/735B,2026-06-08,3,1.67,0.145,-457.5,filled,reconciled_close_fill,-84.0,-373.5
2026-06-07T20:20:50Z,96,AAPL,315/330B,2026-06-08,1,3.02,0.8999999999999999,-212.0,closed,manual_force_close_reconcile_2026-06-05,0.0,-212.0
2026-06-07T20:20:50Z,97,AAPL,315/330B,2026-06-08,1,2.98,0.8999999999999999,-207.5,closed,manual_force_close_reconcile_2026-06-05,0.0,-207.5
2026-06-07T20:20:50Z,98,AVGO,400/410B,2026-06-08,1,4.3,1.5650000000000002,-274.0,filled,reconciled_close_fill,-160.5,-113.5
2026-06-07T20:20:50Z,101,SPY,755/757B,2026-06-08,11,0.43,0.03,-440.0,filled,reconciled_close_fill,-33.0,-407.0
2026-06-07T20:20:50Z,102,GOOGL,370/375B,2026-06-08,2,2.11,1.795,-64.0,closed,manual_force_close_reconcile_2026-06-05,0.0,-64.0
2026-06-07T20:20:50Z,103,QQQ,730/735B,2026-06-08,3,1.67,0.145,-457.5,filled,reconciled_close_fill,-84.0,-373.5
2026-06-07T21:39:40Z,96,AAPL,315/330B,2026-06-08,1,3.02,0.8999999999999999,-212.0,closed,manual_force_close_reconcile_2026-06-05,0.0,-212.0
2026-06-07T21:39:40Z,97,AAPL,315/330B,2026-06-08,1,2.98,0.8999999999999999,-207.5,closed,manual_force_close_reconcile_2026-06-05,0.0,-207.5
2026-06-07T21:39:40Z,98,AVGO,400/410B,2026-06-08,1,4.3,1.5650000000000002,-274.0,filled,reconciled_close_fill,-160.5,-113.5
2026-06-07T21:39:40Z,101,SPY,755/757B,2026-06-08,11,0.43,0.03,-440.0,filled,reconciled_close_fill,-33.0,-407.0
2026-06-07T21:39:40Z,102,GOOGL,370/375B,2026-06-08,2,2.11,1.795,-64.0,closed,manual_force_close_reconcile_2026-06-05,0.0,-64.0
2026-06-07T21:39:40Z,103,QQQ,730/735B,2026-06-08,3,1.67,0.145,-457.5,filled,reconciled_close_fill,-84.0,-373.5
2026-06-07T22:39:42Z,96,AAPL,315/330B,2026-06-08,1,3.02,0.8999999999999999,-212.0,closed,manual_force_close_reconcile_2026-06-05,0.0,-212.0
2026-06-07T22:39:42Z,97,AAPL,315/330B,2026-06-08,1,2.98,0.8999999999999999,-207.5,closed,manual_force_close_reconcile_2026-06-05,0.0,-207.5
2026-06-07T22:39:42Z,98,AVGO,400/410B,2026-06-08,1,4.3,1.5650000000000002,-274.0,filled,reconciled_close_fill,-160.5,-113.5
2026-06-07T22:39:42Z,101,SPY,755/757B,2026-06-08,11,0.43,0.03,-440.0,filled,reconciled_close_fill,-33.0,-407.0
2026-06-07T22:39:42Z,102,GOOGL,370/375B,2026-06-08,2,2.11,1.795,-64.0,closed,manual_force_close_reconcile_2026-06-05,0.0,-64.0
2026-06-07T22:39:42Z,103,QQQ,730/735B,2026-06-08,3,1.67,0.145,-457.5,filled,reconciled_close_fill,-84.0,-373.5
2026-06-07T23:39:43Z,96,AAPL,315/330B,2026-06-08,1,3.02,0.8999999999999999,-212.0,closed,manual_force_close_reconcile_2026-06-05,0.0,-212.0
2026-06-07T23:39:43Z,97,AAPL,315/330B,2026-06-08,1,2.98,0.8999999999999999,-207.5,closed,manual_force_close_reconcile_2026-06-05,0.0,-207.5
2026-06-07T23:39:43Z,98,AVGO,400/410B,2026-06-08,1,4.3,1.5650000000000002,-274.0,filled,reconciled_close_fill,-160.5,-113.5
2026-06-07T23:39:43Z,101,SPY,755/757B,2026-06-08,11,0.43,0.03,-440.0,filled,reconciled_close_fill,-33.0,-407.0
2026-06-07T23:39:43Z,102,GOOGL,370/375B,2026-06-08,2,2.11,1.795,-64.0,closed,manual_force_close_reconcile_2026-06-05,0.0,-64.0
2026-06-07T23:39:43Z,103,QQQ,730/735B,2026-06-08,3,1.67,0.145,-457.5,filled,reconciled_close_fill,-84.0,-373.5
2026-06-08T00:39:45Z,96,AAPL,315/330B,2026-06-08,1,3.02,0.8999999999999999,-212.0,closed,manual_force_close_reconcile_2026-06-05,0.0,-212.0
2026-06-08T00:39:45Z,97,AAPL,315/330B,2026-06-08,1,2.98,0.8999999999999999,-207.5,closed,manual_force_close_reconcile_2026-06-05,0.0,-207.5
2026-06-08T00:39:45Z,98,AVGO,400/410B,2026-06-08,1,4.3,1.5650000000000002,-274.0,filled,reconciled_close_fill,-160.5,-113.5
2026-06-08T00:39:45Z,101,SPY,755/757B,2026-06-08,11,0.43,0.03,-440.0,filled,reconciled_close_fill,-33.0,-407.0
2026-06-08T00:39:45Z,102,GOOGL,370/375B,2026-06-08,2,2.11,1.795,-64.0,closed,manual_force_close_reconcile_2026-06-05,0.0,-64.0
2026-06-08T00:39:45Z,103,QQQ,730/735B,2026-06-08,3,1.67,0.145,-457.5,filled,reconciled_close_fill,-84.0,-373.5
2026-06-08T01:39:46Z,96,AAPL,315/330B,2026-06-08,1,3.02,0.8999999999999999,-212.0,closed,manual_force_close_reconcile_2026-06-05,0.0,-212.0
2026-06-08T01:39:46Z,97,AAPL,315/330B,2026-06-08,1,2.98,0.8999999999999999,-207.5,closed,manual_force_close_reconcile_2026-06-05,0.0,-207.5
2026-06-08T01:39:46Z,98,AVGO,400/410B,2026-06-08,1,4.3,1.5650000000000002,-274.0,filled,reconciled_close_fill,-160.5,-113.5
2026-06-08T01:39:46Z,101,SPY,755/757B,2026-06-08,11,0.43,0.03,-440.0,filled,reconciled_close_fill,-33.0,-407.0
2026-06-08T01:39:46Z,102,GOOGL,370/375B,2026-06-08,2,2.11,1.795,-64.0,closed,manual_force_close_reconcile_2026-06-05,0.0,-64.0
2026-06-08T01:39:46Z,103,QQQ,730/735B,2026-06-08,3,1.67,0.145,-457.5,filled,reconciled_close_fill,-84.0,-373.5
2026-06-08T02:39:47Z,96,AAPL,315/330B,2026-06-08,1,3.02,0.8999999999999999,-212.0,closed,manual_force_close_reconcile_2026-06-05,0.0,-212.0
2026-06-08T02:39:47Z,97,AAPL,315/330B,2026-06-08,1,2.98,0.8999999999999999,-207.5,closed,manual_force_close_reconcile_2026-06-05,0.0,-207.5
2026-06-08T02:39:47Z,98,AVGO,400/410B,2026-06-08,1,4.3,1.5650000000000002,-274.0,filled,reconciled_close_fill,-160.5,-113.5
2026-06-08T02:39:47Z,101,SPY,755/757B,2026-06-08,11,0.43,0.03,-440.0,filled,reconciled_close_fill,-33.0,-407.0
2026-06-08T02:39:47Z,102,GOOGL,370/375B,2026-06-08,2,2.11,1.795,-64.0,closed,manual_force_close_reconcile_2026-06-05,0.0,-64.0
2026-06-08T02:39:47Z,103,QQQ,730/735B,2026-06-08,3,1.67,0.145,-457.5,filled,reconciled_close_fill,-84.0,-373.5
2026-06-08T03:39:49Z,96,AAPL,315/330B,2026-06-08,1,3.02,0.8999999999999999,-212.0,closed,manual_force_close_reconcile_2026-06-05,0.0,-212.0
2026-06-08T03:39:49Z,97,AAPL,315/330B,2026-06-08,1,2.98,0.8999999999999999,-207.5,closed,manual_force_close_reconcile_2026-06-05,0.0,-207.5
2026-06-08T03:39:49Z,98,AVGO,400/410B,2026-06-08,1,4.3,1.5650000000000002,-274.0,filled,reconciled_close_fill,-160.5,-113.5
2026-06-08T03:39:49Z,101,SPY,755/757B,2026-06-08,11,0.43,0.03,-440.0,filled,reconciled_close_fill,-33.0,-407.0
2026-06-08T03:39:49Z,102,GOOGL,370/375B,2026-06-08,2,2.11,1.795,-64.0,closed,manual_force_close_reconcile_2026-06-05,0.0,-64.0
2026-06-08T03:39:49Z,103,QQQ,730/735B,2026-06-08,3,1.67,0.145,-457.5,filled,reconciled_close_fill,-84.0,-373.5
2026-06-08T04:39:50Z,96,AAPL,315/330B,2026-06-08,1,3.02,0.8999999999999999,-212.0,closed,manual_force_close_reconcile_2026-06-05,0.0,-212.0
2026-06-08T04:39:50Z,97,AAPL,315/330B,2026-06-08,1,2.98,0.8999999999999999,-207.5,closed,manual_force_close_reconcile_2026-06-05,0.0,-207.5
2026-06-08T04:39:50Z,98,AVGO,400/410B,2026-06-08,1,4.3,1.5650000000000002,-274.0,filled,reconciled_close_fill,-160.5,-113.5
2026-06-08T04:39:50Z,101,SPY,755/757B,2026-06-08,11,0.43,0.03,-440.0,filled,reconciled_close_fill,-33.0,-407.0
2026-06-08T04:39:50Z,102,GOOGL,370/375B,2026-06-08,2,2.11,1.795,-64.0,closed,manual_force_close_reconcile_2026-06-05,0.0,-64.0
2026-06-08T04:39:50Z,103,QQQ,730/735B,2026-06-08,3,1.67,0.145,-457.5,filled,reconciled_close_fill,-84.0,-373.5
2026-06-08T05:39:51Z,96,AAPL,315/330B,2026-06-08,1,3.02,0.8999999999999999,-212.0,closed,manual_force_close_reconcile_2026-06-05,0.0,-212.0
2026-06-08T05:39:51Z,97,AAPL,315/330B,2026-06-08,1,2.98,0.8999999999999999,-207.5,closed,manual_force_close_reconcile_2026-06-05,0.0,-207.5
2026-06-08T05:39:51Z,98,AVGO,400/410B,2026-06-08,1,4.3,1.5650000000000002,-274.0,filled,reconciled_close_fill,-160.5,-113.5
2026-06-08T05:39:51Z,101,SPY,755/757B,2026-06-08,11,0.43,0.03,-440.0,filled,reconciled_close_fill,-33.0,-407.0
2026-06-08T05:39:51Z,102,GOOGL,370/375B,2026-06-08,2,2.11,1.795,-64.0,closed,manual_force_close_reconcile_2026-06-05,0.0,-64.0
2026-06-08T05:39:51Z,103,QQQ,730/735B,2026-06-08,3,1.67,0.145,-457.5,filled,reconciled_close_fill,-84.0,-373.5
2026-06-08T06:39:53Z,96,AAPL,315/330B,2026-06-08,1,3.02,0.8999999999999999,-212.0,closed,manual_force_close_reconcile_2026-06-05,0.0,-212.0
2026-06-08T06:39:53Z,97,AAPL,315/330B,2026-06-08,1,2.98,0.8999999999999999,-207.5,closed,manual_force_close_reconcile_2026-06-05,0.0,-207.5
2026-06-08T06:39:53Z,98,AVGO,400/410B,2026-06-08,1,4.3,1.5650000000000002,-274.0,filled,reconciled_close_fill,-160.5,-113.5
2026-06-08T06:39:53Z,101,SPY,755/757B,2026-06-08,11,0.43,0.03,-440.0,filled,reconciled_close_fill,-33.0,-407.0
2026-06-08T06:39:53Z,102,GOOGL,370/375B,2026-06-08,2,2.11,1.795,-64.0,closed,manual_force_close_reconcile_2026-06-05,0.0,-64.0
2026-06-08T06:39:53Z,103,QQQ,730/735B,2026-06-08,3,1.67,0.145,-457.5,filled,reconciled_close_fill,-84.0,-373.5
2026-06-08T07:39:55Z,96,AAPL,315/330B,2026-06-08,1,3.02,0.8999999999999999,-212.0,closed,manual_force_close_reconcile_2026-06-05,0.0,-212.0
2026-06-08T07:39:55Z,97,AAPL,315/330B,2026-06-08,1,2.98,0.8999999999999999,-207.5,closed,manual_force_close_reconcile_2026-06-05,0.0,-207.5
2026-06-08T07:39:55Z,98,AVGO,400/410B,2026-06-08,1,4.3,1.5650000000000002,-274.0,filled,reconciled_close_fill,-160.5,-113.5
2026-06-08T07:39:55Z,101,SPY,755/757B,2026-06-08,11,0.43,0.03,-440.0,filled,reconciled_close_fill,-33.0,-407.0
2026-06-08T07:39:55Z,102,GOOGL,370/375B,2026-06-08,2,2.11,1.795,-64.0,closed,manual_force_close_reconcile_2026-06-05,0.0,-64.0
2026-06-08T07:39:55Z,103,QQQ,730/735B,2026-06-08,3,1.67,0.145,-457.5,filled,reconciled_close_fill,-84.0,-373.5
2026-06-08T08:39:56Z,96,AAPL,315/330B,2026-06-08,1,3.02,0.8999999999999999,-212.0,closed,manual_force_close_reconcile_2026-06-05,0.0,-212.0
2026-06-08T08:39:56Z,97,AAPL,315/330B,2026-06-08,1,2.98,0.8999999999999999,-207.5,closed,manual_force_close_reconcile_2026-06-05,0.0,-207.5
2026-06-08T08:39:56Z,98,AVGO,400/410B,2026-06-08,1,4.3,1.5650000000000002,-274.0,filled,reconciled_close_fill,-160.5,-113.5
2026-06-08T08:39:56Z,101,SPY,755/757B,2026-06-08,11,0.43,0.03,-440.0,filled,reconciled_close_fill,-33.0,-407.0
2026-06-08T08:39:56Z,102,GOOGL,370/375B,2026-06-08,2,2.11,1.795,-64.0,closed,manual_force_close_reconcile_2026-06-05,0.0,-64.0
2026-06-08T08:39:56Z,103,QQQ,730/735B,2026-06-08,3,1.67,0.145,-457.5,filled,reconciled_close_fill,-84.0,-373.5
2026-06-08T09:39:58Z,96,AAPL,315/330B,2026-06-08,1,3.02,0.8999999999999999,-212.0,closed,manual_force_close_reconcile_2026-06-05,0.0,-212.0
2026-06-08T09:39:58Z,97,AAPL,315/330B,2026-06-08,1,2.98,0.8999999999999999,-207.5,closed,manual_force_close_reconcile_2026-06-05,0.0,-207.5
2026-06-08T09:39:58Z,98,AVGO,400/410B,2026-06-08,1,4.3,1.5650000000000002,-274.0,filled,reconciled_close_fill,-160.5,-113.5
2026-06-08T09:39:58Z,101,SPY,755/757B,2026-06-08,11,0.43,0.03,-440.0,filled,reconciled_close_fill,-33.0,-407.0
2026-06-08T09:39:58Z,102,GOOGL,370/375B,2026-06-08,2,2.11,1.795,-64.0,closed,manual_force_close_reconcile_2026-06-05,0.0,-64.0
2026-06-08T09:39:58Z,103,QQQ,730/735B,2026-06-08,3,1.67,0.145,-457.5,filled,reconciled_close_fill,-84.0,-373.5
2026-06-08T10:40:00Z,96,AAPL,315/330B,2026-06-08,1,3.02,0.8999999999999999,-212.0,closed,manual_force_close_reconcile_2026-06-05,0.0,-212.0
2026-06-08T10:40:00Z,97,AAPL,315/330B,2026-06-08,1,2.98,0.8999999999999999,-207.5,closed,manual_force_close_reconcile_2026-06-05,0.0,-207.5
2026-06-08T10:40:00Z,98,AVGO,400/410B,2026-06-08,1,4.3,1.5650000000000002,-274.0,filled,reconciled_close_fill,-160.5,-113.5
2026-06-08T10:40:00Z,101,SPY,755/757B,2026-06-08,11,0.43,0.03,-440.0,filled,reconciled_close_fill,-33.0,-407.0
2026-06-08T10:40:00Z,102,GOOGL,370/375B,2026-06-08,2,2.11,1.795,-64.0,closed,manual_force_close_reconcile_2026-06-05,0.0,-64.0
2026-06-08T10:40:00Z,103,QQQ,730/735B,2026-06-08,3,1.67,0.145,-457.5,filled,reconciled_close_fill,-84.0,-373.5
2026-06-08T11:40:01Z,96,AAPL,315/330B,2026-06-08,1,3.02,0.8999999999999999,-212.0,closed,manual_force_close_reconcile_2026-06-05,0.0,-212.0
2026-06-08T11:40:01Z,97,AAPL,315/330B,2026-06-08,1,2.98,0.8999999999999999,-207.5,closed,manual_force_close_reconcile_2026-06-05,0.0,-207.5
2026-06-08T11:40:01Z,98,AVGO,400/410B,2026-06-08,1,4.3,1.5650000000000002,-274.0,filled,reconciled_close_fill,-160.5,-113.5
2026-06-08T11:40:01Z,101,SPY,755/757B,2026-06-08,11,0.43,0.03,-440.0,filled,reconciled_close_fill,-33.0,-407.0
2026-06-08T11:40:01Z,102,GOOGL,370/375B,2026-06-08,2,2.11,1.795,-64.0,closed,manual_force_close_reconcile_2026-06-05,0.0,-64.0
2026-06-08T11:40:01Z,103,QQQ,730/735B,2026-06-08,3,1.67,0.145,-457.5,filled,reconciled_close_fill,-84.0,-373.5
2026-06-08T12:40:03Z,96,AAPL,315/330B,2026-06-08,1,3.02,0.8999999999999999,-212.0,closed,manual_force_close_reconcile_2026-06-05,0.0,-212.0
2026-06-08T12:40:03Z,97,AAPL,315/330B,2026-06-08,1,2.98,0.8999999999999999,-207.5,closed,manual_force_close_reconcile_2026-06-05,0.0,-207.5
2026-06-08T12:40:03Z,98,AVGO,400/410B,2026-06-08,1,4.3,1.5650000000000002,-274.0,filled,reconciled_close_fill,-160.5,-113.5
2026-06-08T12:40:03Z,101,SPY,755/757B,2026-06-08,11,0.43,0.03,-440.0,filled,reconciled_close_fill,-33.0,-407.0
2026-06-08T12:40:03Z,102,GOOGL,370/375B,2026-06-08,2,2.11,1.795,-64.0,closed,manual_force_close_reconcile_2026-06-05,0.0,-64.0
2026-06-08T12:40:03Z,103,QQQ,730/735B,2026-06-08,3,1.67,0.145,-457.5,filled,reconciled_close_fill,-84.0,-373.5
2026-06-08T13:40:05Z,96,AAPL,315/330B,2026-06-08,1,3.02,1.345,-167.5,closed,manual_force_close_reconcile_2026-06-05,0.0,-167.5
2026-06-08T13:40:05Z,97,AAPL,315/330B,2026-06-08,1,2.98,1.345,-163.0,closed,manual_force_close_reconcile_2026-06-05,0.0,-163.0
2026-06-08T13:40:05Z,98,AVGO,400/410B,2026-06-08,1,4.3,2.1999999999999997,-210.5,filled,reconciled_close_fill,-160.5,-50.0
2026-06-08T13:40:05Z,101,SPY,755/757B,2026-06-08,11,0.43,0.05,-418.0,filled,reconciled_close_fill,-33.0,-385.0
2026-06-08T13:40:05Z,102,GOOGL,370/375B,2026-06-08,2,2.11,0.645,-294.0,closed,manual_force_close_reconcile_2026-06-05,0.0,-294.0
2026-06-08T13:40:05Z,103,QQQ,730/735B,2026-06-08,3,1.67,0.10000000000000002,-471.0,filled,reconciled_close_fill,-84.0,-387.0
2026-06-08T14:40:08Z,96,AAPL,315/330B,2026-06-08,1,3.02,1.56,-146.0,closed,manual_force_close_reconcile_2026-06-05,0.0,-146.0
2026-06-08T14:40:08Z,97,AAPL,315/330B,2026-06-08,1,2.98,1.56,-141.5,closed,manual_force_close_reconcile_2026-06-05,0.0,-141.5
2026-06-08T14:40:08Z,98,AVGO,400/410B,2026-06-08,1,4.3,1.55,-275.5,filled,reconciled_close_fill,-160.5,-115.0
2026-06-08T14:40:08Z,101,SPY,755/757B,2026-06-08,11,0.43,0.019999999999999997,-451.0,filled,reconciled_close_fill,-33.0,-418.0
2026-06-08T14:40:08Z,102,GOOGL,370/375B,2026-06-08,2,2.11,0.10500000000000001,-402.0,closed,manual_force_close_reconcile_2026-06-05,0.0,-402.0
2026-06-08T14:40:08Z,103,QQQ,730/735B,2026-06-08,3,1.67,0.07,-480.0,filled,reconciled_close_fill,-84.0,-396.0
2026-06-08T15:40:10Z,96,AAPL,315/330B,2026-06-08,1,3.02,2.11,-91.0,closed,manual_force_close_reconcile_2026-06-05,0.0,-91.0
2026-06-08T15:40:10Z,97,AAPL,315/330B,2026-06-08,1,2.98,2.11,-86.5,closed,manual_force_close_reconcile_2026-06-05,0.0,-86.5
2026-06-08T15:40:10Z,98,AVGO,400/410B,2026-06-08,1,4.3,1.54,-276.5,filled,reconciled_close_fill,-160.5,-116.0
2026-06-08T15:40:10Z,101,SPY,755/757B,2026-06-08,11,0.43,0.0,-473.0,filled,reconciled_close_fill,-33.0,-440.0
2026-06-08T15:40:10Z,102,GOOGL,370/375B,2026-06-08,2,2.11,0.18000000000000002,-387.0,closed,manual_force_close_reconcile_2026-06-05,0.0,-387.0
2026-06-08T15:40:10Z,103,QQQ,730/735B,2026-06-08,3,1.67,0.06000000000000001,-483.0,filled,reconciled_close_fill,-84.0,-399.0
2026-06-08T16:40:11Z,96,AAPL,315/330B,2026-06-08,1,3.02,1.87,-115.0,closed,manual_force_close_reconcile_2026-06-05,0.0,-115.0
2026-06-08T16:40:11Z,97,AAPL,315/330B,2026-06-08,1,2.98,1.87,-110.5,closed,manual_force_close_reconcile_2026-06-05,0.0,-110.5
2026-06-08T16:40:11Z,98,AVGO,400/410B,2026-06-08,1,4.3,0.305,-400.0,filled,reconciled_close_fill,-160.5,-239.5
2026-06-08T16:40:11Z,101,SPY,755/757B,2026-06-08,11,0.43,0.0,-473.0,filled,reconciled_close_fill,-33.0,-440.0
2026-06-08T16:40:11Z,102,GOOGL,370/375B,2026-06-08,2,2.11,0.21000000000000002,-381.0,closed,manual_force_close_reconcile_2026-06-05,0.0,-381.0
2026-06-08T16:40:11Z,103,QQQ,730/735B,2026-06-08,3,1.67,0.0,-501.0,filled,reconciled_close_fill,-84.0,-417.0
2026-06-08T18:01:05Z,96,AAPL,315/330B,2026-06-08,1,3.02,0.24,-278.0,closed,manual_force_close_reconcile_2026-06-05,0.0,-278.0
2026-06-08T18:01:05Z,97,AAPL,315/330B,2026-06-08,1,2.98,0.24,-273.5,closed,manual_force_close_reconcile_2026-06-05,0.0,-273.5
2026-06-08T18:01:05Z,98,AVGO,400/410B,2026-06-08,1,4.3,0.125,-418.0,filled,reconciled_close_fill,-160.5,-257.5
2026-06-08T18:01:05Z,101,SPY,755/757B,2026-06-08,11,0.43,0.025,-445.5,filled,reconciled_close_fill,-33.0,-412.5
2026-06-08T18:01:05Z,102,GOOGL,370/375B,2026-06-08,2,2.11,0.065,-410.0,closed,manual_force_close_reconcile_2026-06-05,0.0,-410.0
2026-06-08T18:01:05Z,103,QQQ,730/735B,2026-06-08,3,1.67,0.004999999999999999,-499.5,filled,reconciled_close_fill,-84.0,-415.5
2026-06-08T19:01:06Z,96,AAPL,315/330B,2026-06-08,1,3.02,0.0,-302.0,closed,manual_force_close_reconcile_2026-06-05,0.0,-302.0
2026-06-08T19:01:06Z,97,AAPL,315/330B,2026-06-08,1,2.98,0.0,-297.5,closed,manual_force_close_reconcile_2026-06-05,0.0,-297.5
2026-06-08T19:01:06Z,98,AVGO,400/410B,2026-06-08,1,4.3,0.1,-420.5,filled,reconciled_close_fill,-160.5,-260.0
2026-06-08T19:01:06Z,101,SPY,755/757B,2026-06-08,11,0.43,0.0,-473.0,filled,reconciled_close_fill,-33.0,-440.0
2026-06-08T19:01:06Z,102,GOOGL,370/375B,2026-06-08,2,2.11,0.0,-423.0,closed,manual_force_close_reconcile_2026-06-05,0.0,-423.0
2026-06-08T19:01:06Z,103,QQQ,730/735B,2026-06-08,3,1.67,0.0,-501.0,filled,reconciled_close_fill,-84.0,-417.0
2026-06-08T20:01:08Z,96,AAPL,315/330B,2026-06-08,1,3.02,0.0,-302.0,closed,manual_force_close_reconcile_2026-06-05,0.0,-302.0
2026-06-08T20:01:08Z,97,AAPL,315/330B,2026-06-08,1,2.98,0.0,-297.5,closed,manual_force_close_reconcile_2026-06-05,0.0,-297.5
2026-06-08T20:01:08Z,98,AVGO,400/410B,2026-06-08,1,4.3,0.015000000000000001,-429.0,filled,reconciled_close_fill,-160.5,-268.5
2026-06-08T20:01:08Z,101,SPY,755/757B,2026-06-08,11,0.43,0.0,-473.0,filled,reconciled_close_fill,-33.0,-440.0
2026-06-08T20:01:08Z,102,GOOGL,370/375B,2026-06-08,2,2.11,0.0,-423.0,closed,manual_force_close_reconcile_2026-06-05,0.0,-423.0
2026-06-08T20:01:08Z,103,QQQ,730/735B,2026-06-08,3,1.67,0.0,-501.0,filled,reconciled_close_fill,-84.0,-417.0
2026-06-08T21:01:09Z,96,AAPL,315/330B,2026-06-08,1,3.02,0.0,-302.0,closed,manual_force_close_reconcile_2026-06-05,0.0,-302.0
2026-06-08T21:01:09Z,97,AAPL,315/330B,2026-06-08,1,2.98,0.0,-297.5,closed,manual_force_close_reconcile_2026-06-05,0.0,-297.5
2026-06-08T21:01:09Z,98,AVGO,400/410B,2026-06-08,1,4.3,0.015000000000000001,-429.0,filled,reconciled_close_fill,-160.5,-268.5
2026-06-08T21:01:09Z,101,SPY,755/757B,2026-06-08,11,0.43,0.0,-473.0,filled,reconciled_close_fill,-33.0,-440.0
2026-06-08T21:01:09Z,102,GOOGL,370/375B,2026-06-08,2,2.11,0.019999999999999997,-419.0,closed,manual_force_close_reconcile_2026-06-05,0.0,-419.0
2026-06-08T21:01:09Z,103,QQQ,730/735B,2026-06-08,3,1.67,0.0,-501.0,filled,reconciled_close_fill,-84.0,-417.0
2026-06-08T22:01:10Z,96,AAPL,315/330B,2026-06-08,1,3.02,0.0,-302.0,closed,manual_force_close_reconcile_2026-06-05,0.0,-302.0
2026-06-08T22:01:10Z,97,AAPL,315/330B,2026-06-08,1,2.98,0.0,-297.5,closed,manual_force_close_reconcile_2026-06-05,0.0,-297.5
2026-06-08T22:01:10Z,98,AVGO,400/410B,2026-06-08,1,4.3,0.015000000000000001,-429.0,filled,reconciled_close_fill,-160.5,-268.5
2026-06-08T22:01:10Z,101,SPY,755/757B,2026-06-08,11,0.43,0.0,-473.0,filled,reconciled_close_fill,-33.0,-440.0
2026-06-08T22:01:10Z,102,GOOGL,370/375B,2026-06-08,2,2.11,0.019999999999999997,-419.0,closed,manual_force_close_reconcile_2026-06-05,0.0,-419.0
2026-06-08T22:01:10Z,103,QQQ,730/735B,2026-06-08,3,1.67,0.0,-501.0,filled,reconciled_close_fill,-84.0,-417.0
2026-06-08T23:01:11Z,96,AAPL,315/330B,2026-06-08,1,3.02,0.0,-302.0,closed,manual_force_close_reconcile_2026-06-05,0.0,-302.0
2026-06-08T23:01:11Z,97,AAPL,315/330B,2026-06-08,1,2.98,0.0,-297.5,closed,manual_force_close_reconcile_2026-06-05,0.0,-297.5
2026-06-08T23:01:11Z,98,AVGO,400/410B,2026-06-08,1,4.3,0.015000000000000001,-429.0,filled,reconciled_close_fill,-160.5,-268.5
2026-06-08T23:01:11Z,101,SPY,755/757B,2026-06-08,11,0.43,0.0,-473.0,filled,reconciled_close_fill,-33.0,-440.0
2026-06-08T23:01:11Z,102,GOOGL,370/375B,2026-06-08,2,2.11,0.019999999999999997,-419.0,closed,manual_force_close_reconcile_2026-06-05,0.0,-419.0
2026-06-08T23:01:11Z,103,QQQ,730/735B,2026-06-08,3,1.67,0.0,-501.0,filled,reconciled_close_fill,-84.0,-417.0
